top	left	bottom	right	slug	name	iso	woeid
-17.7808132172	19.9995346069	-26.907245636	29.3607807159	28350702	Africa/Gaborone	BW	28350702
