top	left	bottom	right	slug	name	iso	woeid
1.70132303238	6.47017002106	-0.0140044437721	7.46637439728	28350727	Africa/Sao_Tome	ST	28350727
