top	left	bottom	right	slug	name	iso	woeid
-5.64197206497	176.064865112	-9.43619441986	179.863357544	28350944	Pacific/Funafuti	TV	28350944
