top	left	bottom	right	slug	name	iso	woeid
11.1389770508	-0.147323876619	6.10441732407	1.80669283867	28350711	Africa/Lome	TG	28350711
