top	left	bottom	right	slug	name	iso	woeid
46.2824935913	32.4829177856	44.3904151917	36.6479721069	56043615	Europe/Simferopol	UA	56043615
48.1309280396	34.2034835815	46.0798339844	37.2238769531	56043616	Europe/Zaporozhye	UA	56043616
49.0960273743	22.1288890839	47.9058876038	24.6449966431	56043617	Europe/Uzhgorod	UA	56043617
52.3693618774	22.6669445038	45.2169151306	40.2073898315	56043618	Europe/Kiev	UA	56043618
