top	left	bottom	right	slug	name	iso	woeid
44.2154502869	22.3569164276	41.2420845032	28.6121673584	28350916	Europe/Sofia	BG	28350916
