top	left	bottom	right	slug	name	iso	woeid
27.2980728149	-17.0665206909	14.715546608	-4.82767438889	28350724	Africa/Nouakchott	MR	28350724
