top	left	bottom	right	slug	name	iso	woeid
11.1733007431	-3.2554204464	4.736723423	1.19178116322	28350682	Africa/Accra	GH	28350682
