top	left	bottom	right	slug	name	iso	woeid
45.5231399536	122.938529968	24.0364723206	153.985229492	28350861	Asia/Tokyo	JP	28350861
