top	left	bottom	right	slug	name	iso	woeid
37.3191375732	35.5868988037	32.3161888123	42.3753814697	28350821	Asia/Damascus	SY	28350821
