top	left	bottom	right	slug	name	iso	woeid
13.8265705109	-16.8250789642	13.0642518997	-13.7977933884	28350688	Africa/Banjul	GM	28350688
