top	left	bottom	right	slug	name	iso	woeid
18.5201663971	-67.9427261353	17.8830451965	-65.2199859619	28350787	America/Puerto_Rico	PR	28350787
