top	left	bottom	right	slug	name	iso	woeid
38.483417511	60.4784431458	29.3774719238	74.879447937	28350833	Asia/Kabul	AF	28350833
