top	left	bottom	right	slug	name	iso	woeid
23.3888339996	102.148223877	8.40824985504	109.464637756	28350852	Asia/Ho_Chi_Minh	VN	28350852
