top	left	bottom	right	slug	name	iso	woeid
8.09291648865	131.169219971	3.00113892555	134.723724365	28350960	Pacific/Palau	PW	28350960
