top	left	bottom	right	slug	name	iso	woeid
14.1032447815	-61.0741500854	13.7047777176	-60.8742027283	28350796	America/St_Lucia	LC	28350796
