top	left	bottom	right	slug	name	iso	woeid
15.6318092346	-61.4841079712	15.2016897202	-61.2441520691	28350753	America/Dominica	DM	28350753
