top	left	bottom	right	slug	name	iso	woeid
-22.1266117096	16.4580211639	-46.978931427	38.0004653931	28350704	Africa/Johannesburg	ZA	28350704
