top	left	bottom	right	slug	name	iso	woeid
10.0	-13.3076305389	6.92868900299	-10.2842378616	28350701	Africa/Freetown	SL	28350701
