top	left	bottom	right	slug	name	iso	woeid
41.7574157715	19.3744449615	34.8096389771	29.6470832825	28350888	Europe/Athens	GR	28350888
