top	left	bottom	right	slug	name	iso	woeid
36.0820274353	14.1915836334	35.8102760315	14.5776386261	28350906	Europe/Malta	MT	28350906
