top	left	bottom	right	slug	name	iso	woeid
14.878818512	-61.2301177979	14.3922624588	-60.8155097961	28350773	America/Martinique	MQ	28350773
