top	left	bottom	right	slug	name	iso	woeid
12.6306180954	-70.0611343384	12.4060926437	-69.8668670654	28350736	America/Aruba	AW	28350736
