top	left	bottom	right	slug	name	iso	woeid
16.6916332245	-17.5352363586	12.3072748184	-11.355887413	28350696	Africa/Dakar	SN	28350696
