top	left	bottom	right	slug	name	iso	woeid
55.0556373596	5.86563873291	47.2757759094	15.0398893356	28350890	Europe/Berlin	DE	28350890
