top	left	bottom	right	slug	name	iso	woeid
48.2652740479	20.2643947601	43.6273040771	29.6910552979	28350892	Europe/Bucharest	RO	28350892
