top	left	bottom	right	slug	name	iso	woeid
26.6319446564	88.0283355713	20.5852508545	92.6736679077	28350822	Asia/Dhaka	BD	28350822
