top	left	bottom	right	slug	name	iso	woeid
5.77649641037	-54.5425109863	2.12709403038	-51.613948822	28350744	America/Cayenne	GF	28350744
