top	left	bottom	right	slug	name	iso	woeid
-11.3623809814	43.2157897949	-12.4138212204	44.5382232666	28350929	Indian/Comoro	KM	28350929
