top	left	bottom	right	slug	name	iso	woeid
-13.0734443665	166.524978638	-20.2489452362	170.234771729	28350940	Pacific/Efate	VU	28350940
