top	left	bottom	right	slug	name	iso	woeid
31.6673336029	24.6981105804	21.7253894806	36.2429428101	28350693	Africa/Cairo	EG	28350693
