top	left	bottom	right	slug	name	iso	woeid
-10.4157781601	105.538948059	-10.5758609772	105.719581604	28350927	Indian/Christmas	CX	28350927
