top	left	bottom	right	slug	name	iso	woeid
48.5856666565	16.1118888855	45.7436103821	22.9060001373	28350893	Europe/Budapest	HU	28350893
