top	left	bottom	right	slug	name	iso	woeid
21.9736118317	-72.48387146	21.1700363159	-71.0803375244	28350758	America/Grand_Turk	TC	28350758
