top	left	bottom	right	slug	name	iso	woeid
35.7015266418	32.2730827332	34.5634994507	34.5979156494	28350845	Asia/Nicosia	CY	28350845
