top	left	bottom	right	slug	name	iso	woeid
-51.0149421692	-61.3451919556	-52.9005813599	-57.7124862671	28350875	Atlantic/Stanley	FK	28350875
