top	left	bottom	right	slug	name	iso	woeid
20.0878200531	-74.4785842896	18.0210323334	-71.6133575439	28350785	America/Port-au-Prince	HT	28350785
