top	left	bottom	right	slug	name	iso	woeid
26.0788612366	51.5076370239	22.6340713501	56.3750839233	28350824	Asia/Dubai	AE	28350824
