top	left	bottom	right	slug	name	iso	woeid
32.3938331604	-64.8960494995	32.2466392517	-64.6519927979	28350869	Atlantic/Bermuda	BM	28350869
