top	left	bottom	right	slug	name	iso	woeid
-11.8039169312	96.8212814331	-12.1854162216	96.9360809326	28350928	Indian/Cocos	CC	28350928
