top	left	bottom	right	slug	name	iso	woeid
27.6696739197	-17.103181839	20.7741584778	-8.67027568817	28350700	Africa/El_Aaiun	EH	28350700
