top	left	bottom	right	slug	name	iso	woeid
47.8053321838	5.95747232437	45.8256950378	10.4914722443	28350924	Europe/Zurich	CH	28350924
