top	left	bottom	right	slug	name	iso	woeid
41.3018341064	43.4497795105	38.8305282593	46.630027771	28350867	Asia/Yerevan	AM	28350867
