top	left	bottom	right	slug	name	iso	woeid
-5.22716665268	71.2599716187	-7.43802785873	72.4931640625	28350926	Indian/Chagos	IO	28350926
