top	left	bottom	right	slug	name	iso	woeid
30.1036987305	46.5564613342	28.5246105194	48.4314727783	28350839	Asia/Kuwait	KW	28350839
