top	left	bottom	right	slug	name	iso	woeid
-11.0496997833	-171.091888428	-14.3824777603	-169.41607666	28350959	Pacific/Pago_Pago	AS	28350959
