top	left	bottom	right	slug	name	iso	woeid
51.0928039551	-5.14222240448	41.3387794495	9.56155586243	28350911	Europe/Paris	FR	28350911
