top	left	bottom	right	slug	name	iso	woeid
17.7293872833	-62.3524093628	16.9272212982	-61.6590843201	28350734	America/Antigua	AG	28350734
