top	left	bottom	right	slug	name	iso	woeid
18.4118747711	-65.0862808228	17.6817245483	-64.5651779175	28350797	America/St_Thomas	VI	28350797
