top	left	bottom	right	slug	name	iso	woeid
51.505443573	2.54694437981	49.4936103821	6.40386104584	28350891	Europe/Brussels	BE	28350891
