top	left	bottom	right	slug	name	iso	woeid
32.1543235779	34.4956932068	15.6142501831	55.6666984558	28350851	Asia/Riyadh	SA	28350851
