top	left	bottom	right	slug	name	iso	woeid
35.9280281067	-13.1685857773	27.662115097	-0.991750001907	28350694	Africa/Casablanca	MA	28350694
