top	left	bottom	right	slug	name	iso	woeid
-9.68056678772	-69.6407623291	-22.8961334229	-57.4580955505	28350768	America/La_Paz	BO	28350768
