top	left	bottom	right	slug	name	iso	woeid
-13.2142505646	-178.206787109	-14.3877906799	-176.12878418	28350971	Pacific/Wallis	WF	28350971
