top	left	bottom	right	slug	name	iso	woeid
41.9056396484	44.7719154358	38.3970565796	50.6078338623	28350813	Asia/Baku	AZ	28350813
