top	left	bottom	right	slug	name	iso	woeid
21.1206111908	116.931556702	4.61344432831	126.601524353	28350843	Asia/Manila	PH	28350843
