top	left	bottom	right	slug	name	iso	woeid
9.6444311142	-83.0514450073	7.19790649414	-77.1741104126	28350782	America/Panama	PA	28350782
