top	left	bottom	right	slug	name	iso	woeid
-10.3192548752	56.5127182007	-20.5257167816	63.5001792908	28350933	Indian/Mauritius	MU	28350933
