top	left	bottom	right	slug	name	iso	woeid
-8.94402980804	-165.858093262	-21.9441642761	-157.312133789	28350964	Pacific/Rarotonga	CK	28350964
