top	left	bottom	right	slug	name	iso	woeid
50.1849441528	5.73455572128	49.4465827942	6.52847242355	28350904	Europe/Luxembourg	LU	28350904
