top	left	bottom	right	slug	name	iso	woeid
11.9851942062	40.9886322021	-1.6620528698	51.413028717	28350719	Africa/Mogadishu	SO	28350719
