top	left	bottom	right	slug	name	iso	woeid
53.5551376343	3.36255550385	50.7539176941	7.22794437408	28350886	Europe/Amsterdam	NL	28350886
