top	left	bottom	right	slug	name	iso	woeid
43.2382240295	69.2766113281	39.172832489	80.283164978	28350816	Asia/Bishkek	KG	28350816
