top	left	bottom	right	slug	name	iso	woeid
-13.4322071075	-172.798599243	-14.063533783	-171.409317017	28350936	Pacific/Apia	WS	28350936
