top	left	bottom	right	slug	name	iso	woeid
35.5042228699	68.1628341675	6.74713897705	97.4033050537	28350818	Asia/Kolkata	IN	28350818
