top	left	bottom	right	slug	name	iso	woeid
-25.7196483612	30.7941074371	-27.3171005249	32.137260437	28350718	Africa/Mbabane	SZ	28350718
