top	left	bottom	right	slug	name	iso	woeid
37.0970001221	60.8786125183	23.694694519	77.8409194946	28350835	Asia/Karachi	PK	28350835
