top	left	bottom	right	slug	name	iso	woeid
4.21442651749	29.5732517242	-1.48404955864	35.0360488892	28350705	Africa/Kampala	UG	28350705
