top	left	bottom	right	slug	name	iso	woeid
3.78597974777	5.60236692429	-1.45994639397	11.335723877	28350715	Africa/Malabo	GQ	28350715
