top	left	bottom	right	slug	name	iso	woeid
30.4333896637	80.0562744141	26.3567218781	88.1993331909	28350836	Asia/Kathmandu	NP	28350836
