top	left	bottom	right	slug	name	iso	woeid
33.3712501526	34.9579811096	29.1850357056	39.3012008667	28350808	Asia/Amman	JO	28350808
