top	left	bottom	right	slug	name	iso	woeid
26.1775836945	50.7572212219	24.4733295441	52.4275817871	28350849	Asia/Qatar	QA	28350849
