top	left	bottom	right	slug	name	iso	woeid
-7.88781547546	-14.4212303162	-40.3671379089	-5.63875293732	28350876	Atlantic/St_Helena	SH	28350876
