top	left	bottom	right	slug	name	iso	woeid
27.2320270538	-80.4992370605	20.9160671234	-72.7115936279	28350779	America/Nassau	BS	28350779
