top	left	bottom	right	slug	name	iso	woeid
-18.9510688782	-169.951004028	-19.1521930695	-169.775177002	28350956	Pacific/Niue	NU	28350956
