top	left	bottom	right	slug	name	iso	woeid
12.529214859	-61.7999763489	11.9923744202	-61.3764457703	28350759	America/Grenada	GD	28350759
