top	left	bottom	right	slug	name	iso	woeid
37.0937232971	-8.67386817932	18.9600276947	11.9795484543	28350684	Africa/Algiers	DZ	28350684
