top	left	bottom	right	slug	name	iso	woeid
-8.224360466	21.999370575	-18.0794734955	33.7057037354	28350714	Africa/Lusaka	ZM	28350714
