top	left	bottom	right	slug	name	iso	woeid
17.8173999786	-92.2414932251	13.7373018265	-88.223197937	28350761	America/Guatemala	GT	28350761
