top	left	bottom	right	slug	name	iso	woeid
42.7955551147	52.441444397	35.1410827637	66.6843032837	28350810	Asia/Ashgabat	TM	28350810
