top	left	bottom	right	slug	name	iso	woeid
-28.572057724	27.0290679932	-30.668964386	29.4657611847	28350717	Africa/Maseru	LS	28350717
