top	left	bottom	right	slug	name	iso	woeid
18.0030841827	36.4387779236	12.3595552444	43.148639679	28350685	Africa/Asmara	ER	28350685
