top	left	bottom	right	slug	name	iso	woeid
11.2168188095	-87.0946502686	5.49907445908	-82.5559921265	28350748	America/Costa_Rica	CR	28350748
