top	left	bottom	right	slug	name	iso	woeid
26.3879718781	52.0	16.6544017792	59.8365821838	28350844	Asia/Muscat	OM	28350844
