top	left	bottom	right	slug	name	iso	woeid
-30.0822238922	-58.4427223206	-35.0479431152	-53.0739326477	28350777	America/Montevideo	UY	28350777
