top	left	bottom	right	slug	name	iso	woeid
19.9298591614	-72.0034866333	17.4700908661	-68.3199996948	28350791	America/Santo_Domingo	DO	28350791
