top	left	bottom	right	slug	name	iso	woeid
-11.945432663	43.1913795471	-25.6089515686	50.4837799072	28350925	Indian/Antananarivo	MG	28350925
