top	left	bottom	right	slug	name	iso	woeid
3.70308184624	11.2050085068	-5.0272231102	18.6498394012	28350691	Africa/Brazzaville	CG	28350691
