top	left	bottom	right	slug	name	iso	woeid
-15.6088352203	25.2370281219	-22.4177379608	33.0563049316	28350703	Africa/Harare	ZW	28350703
