top	left	bottom	right	slug	name	iso	woeid
7.09836101532	72.6838912964	-0.692694425583	73.7061691284	28350932	Indian/Maldives	MV	28350932
