top	left	bottom	right	slug	name	iso	woeid
-3.71151924133	46.1992034912	-10.1937055588	56.2795066833	28350931	Indian/Mahe	SC	28350931
