top	left	bottom	right	slug	name	iso	woeid
14.4450674057	-90.1286621094	13.1486787796	-87.6921615601	28350755	America/El_Salvador	SV	28350755
