top	left	bottom	right	slug	name	iso	woeid
42.1076126099	25.6685009003	35.8154182434	44.8349990845	28350899	Europe/Istanbul	TR	28350899
