top	left	bottom	right	slug	name	iso	woeid
20.542804718	144.886077881	14.1073608398	146.081222534	28350965	Pacific/Saipan	MP	28350965
