top	left	bottom	right	slug	name	iso	woeid
2.32261157036	8.69547080994	-3.97880578041	14.5023469925	28350710	Africa/Libreville	GA	28350710
