top	left	bottom	right	slug	name	iso	woeid
1.47127783298	103.638275146	1.1640278101	104.090057373	28350856	Asia/Singapore	SG	28350856
