top	left	bottom	right	slug	name	iso	woeid
12.3856716156	-69.1572036743	11.9731969833	-68.6393356323	28350749	America/Curacao	AN	28350749
