top	left	bottom	right	slug	name	iso	woeid
49.0170555115	9.53591632843	46.3780288696	17.1627216339	28350921	Europe/Vienna	AT	28350921
