top	left	bottom	right	slug	name	iso	woeid
38.6124458313	124.608139038	33.1061096191	130.923217773	28350854	Asia/Seoul	KR	28350854
