top	left	bottom	right	slug	name	iso	woeid
4.62933254242	33.9088592529	-4.67804670334	41.8990783691	28350721	Africa/Nairobi	KE	28350721
