top	left	bottom	right	slug	name	iso	woeid
-1.05348145962	28.8567943573	-2.84067940712	30.8959579468	28350707	Africa/Kigali	RW	28350707
