top	left	bottom	right	slug	name	iso	woeid
-0.990735948086	29.327167511	-11.7456960678	40.4432220459	28350697	Africa/Dar_es_Salaam	TZ	28350697
