top	left	bottom	right	slug	name	iso	woeid
43.0115890503	124.18863678	37.5973052979	130.674865723	28350848	Asia/Pyongyang	KP	28350848
