top	left	bottom	right	slug	name	iso	woeid
28.5432491302	92.1892776489	9.60036087036	101.176780701	28350850	Asia/Rangoon	MM	28350850
