top	left	bottom	right	slug	name	iso	woeid
-9.36754131317	32.6739501953	-17.125	35.9168205261	28350690	Africa/Blantyre	MW	28350690
