top	left	bottom	right	slug	name	iso	woeid
-12.4801111221	-179.9999	-20.6759700775	179.9999	28350943	Pacific/Fiji	FJ	28350943
