top	left	bottom	right	slug	name	iso	woeid
56.1658058167	23.1768894196	51.2564163208	32.7708053589	28350907	Europe/Minsk	BY	28350907
