top	left	bottom	right	slug	name	iso	woeid
-4.37682580948	11.6792192459	-18.0420761108	24.082118988	28350712	Africa/Luanda	AO	28350712
