top	left	bottom	right	slug	name	iso	woeid
62.4007492065	-7.68125009537	61.3949432373	-6.25861120224	28350872	Atlantic/Faroe	FO	28350872
