top	left	bottom	right	slug	name	iso	woeid
25.0000019073	-12.2426137924	10.1595125198	4.24496841431	28350686	Africa/Bamako	ML	28350686
