top	left	bottom	right	slug	name	iso	woeid
-0.504305541515	166.899032593	-0.55233335495	166.945281982	28350955	Pacific/Nauru	NR	28350955
