top	left	bottom	right	slug	name	iso	woeid
13.6523332596	144.619247437	13.2406110764	144.953979492	28350948	Pacific/Guam	GU	28350948
