top	left	bottom	right	slug	name	iso	woeid
22.5619468689	113.837753296	22.1532497406	114.434753418	28350827	Asia/Hong_Kong	HK	28350827
