top	left	bottom	right	slug	name	iso	woeid
17.4201183319	-62.8695602417	17.0953426361	-62.5432662964	28350795	America/St_Kitts	KN	28350795
