top	left	bottom	right	slug	name	iso	woeid
23.5949249268	-84.9574279785	19.8280830383	-74.1317749023	28350765	America/Havana	CU	28350765
