top	left	bottom	right	slug	name	iso	woeid
13.0780563354	8.49476337433	1.6525478363	16.1921157837	28350699	Africa/Douala	CM	28350699
