top	left	bottom	right	slug	name	iso	woeid
8.55756664276	-61.3847618103	1.17508029938	-56.4802513123	28350763	America/Guyana	GY	28350763
