top	left	bottom	right	slug	name	iso	woeid
12.7068328857	41.7734451294	10.9099168777	43.416973114	28350698	Africa/Djibouti	DJ	28350698
