top	left	bottom	right	slug	name	iso	woeid
-8.1374168396	124.048873901	-9.46362686157	127.345336914	28350823	Asia/Dili	TL	28350823
