top	left	bottom	right	slug	name	iso	woeid
54.839138031	14.123000145	49.006362915	24.1507492065	28350923	Europe/Warsaw	PL	28350923
