top	left	bottom	right	slug	name	iso	woeid
58.0823059082	20.9742774963	55.6688613892	28.2411670685	28350913	Europe/Riga	LV	28350913
