top	left	bottom	right	slug	name	iso	woeid
26.2825832367	50.3858604431	25.5422496796	50.8286933899	28350812	Asia/Bahrain	BH	28350812
