top	left	bottom	right	slug	name	iso	woeid
8.5517911911	-11.4920825958	4.35305690765	-7.36511325836	28350720	Africa/Monrovia	LR	28350720
