top	left	bottom	right	slug	name	iso	woeid
5.04716682434	114.07144165	4.00308322906	115.359443665	28350817	Asia/Brunei	BN	28350817
