top	left	bottom	right	slug	name	iso	woeid
26.3920555115	116.706665039	20.6975002289	122.000442505	28350857	Asia/Taipei	TW	28350857
