top	left	bottom	right	slug	name	iso	woeid
14.686416626	102.339996338	9.90625	107.627723694	28350847	Asia/Phnom_Penh	KH	28350847
