top	left	bottom	right	slug	name	iso	woeid
-5.07830572128	155.508605957	-12.2918891907	168.843505859	28350947	Pacific/Guadalcanal	SB	28350947
