top	left	bottom	right	slug	name	iso	woeid
39.7772216797	44.0472793579	25.0640830994	63.3174705505	28350859	Asia/Tehran	IR	28350859
