top	left	bottom	right	slug	name	iso	woeid
-8.55361366272	-172.500335693	-9.38111114502	-171.211425781	28350942	Pacific/Fakaofo	TK	28350942
