top	left	bottom	right	slug	name	iso	woeid
12.6762199402	-15.0862560272	7.19355297089	-7.64107131958	28350695	Africa/Conakry	GN	28350695
