top	left	bottom	right	slug	name	iso	woeid
23.5250263214	0.166250437498	11.6969747543	15.995642662	28350723	Africa/Niamey	NE	28350723
