top	left	bottom	right	slug	name	iso	woeid
36.1598052979	-5.35725021362	36.1124153137	-5.33963871002	28350897	Europe/Gibraltar	GI	28350897
