top	left	bottom	right	slug	name	iso	woeid
56.4469184875	20.9415283203	53.9013061523	26.8719444275	28350922	Europe/Vilnius	LT	28350922
