top	left	bottom	right	slug	name	iso	woeid
31.5940551758	34.2203865051	31.2222881317	34.5462760925	28350826	Asia/Gaza	PS	28350826
