top	left	bottom	right	slug	name	iso	woeid
6.00454616547	-58.0865631104	1.83114516735	-53.9774932861	28350783	America/Paramaribo	SR	28350783
