top	left	bottom	right	slug	name	iso	woeid
9.83136081696	79.6529159546	5.91683340073	81.8812789917	28350820	Asia/Colombo	LK	28350820
