top	left	bottom	right	slug	name	iso	woeid
47.1462860107	-56.4206581116	46.7532653809	-56.1573677063	28350776	America/Miquelon	PM	28350776
