top	left	bottom	right	slug	name	iso	woeid
22.2223339081	113.528945923	22.110666275	113.591026306	28350840	Asia/Macau	MO	28350840
