top	left	bottom	right	slug	name	iso	woeid
57.7484169006	8.0756111145	54.5623893738	15.1588335037	28350895	Europe/Copenhagen	DK	28350895
