top	left	bottom	right	slug	name	iso	woeid
-19.2940406799	-62.6470756531	-27.6087379456	-54.2593536377	28350737	America/Asuncion	PY	28350737
