top	left	bottom	right	slug	name	iso	woeid
-15.5629882813	-176.212631226	-22.3457164764	-173.702484131	28350968	Pacific/Tongatapu	TO	28350968
