top	left	bottom	right	slug	name	iso	woeid
18.4965572357	-89.2248153687	15.8893003464	-87.4681243896	28350740	America/Belize	BZ	28350740
