top	left	bottom	right	slug	name	iso	woeid
13.3272571564	-59.6489219666	13.0398435593	-59.420375824	28350738	America/Barbados	BB	28350738
