top	left	bottom	right	slug	name	iso	woeid
37.3809318542	38.7896156311	29.061208725	48.5759162903	28350811	Asia/Baghdad	IQ	28350811
