top	left	bottom	right	slug	name	iso	woeid
20.4631938934	97.3456420898	5.61000013351	105.639389038	28350814	Asia/Bangkok	TH	28350814
