top	left	bottom	right	slug	name	iso	woeid
23.4503688812	13.4734754562	7.44106769562	24.0026607513	28350722	Africa/Ndjamena	TD	28350722
