top	left	bottom	right	slug	name	iso	woeid
60.8458061218	-8.65066623688	49.708694458	1.75899994373	28350903	Europe/London	GB	28350903
