top	left	bottom	right	slug	name	iso	woeid
13.3902921677	-81.7281112671	-4.22554445267	-66.8698348999	28350741	America/Bogota	CO	28350741
