top	left	bottom	right	slug	name	iso	woeid
48.4901657104	26.618888855	45.4668807983	30.1354446411	28350894	Europe/Chisinau	MD	28350894
