top	left	bottom	right	slug	name	iso	woeid
-53.6468925476	-41.8160552979	-59.4842948914	-26.2293262482	28350874	Atlantic/South_Georgia	GS	28350874
