top	left	bottom	right	slug	name	iso	woeid
-28.992389679	167.916412354	-29.1193618774	168.000061035	28350957	Pacific/Norfolk	NF	28350957
