top	left	bottom	right	slug	name	iso	woeid
55.4365005493	-10.6181106567	51.4245567322	-6.00238895416	28350896	Europe/Dublin	IE	28350896
