top	left	bottom	right	slug	name	iso	woeid
-10.4718828201	30.2173194885	-26.8686847687	40.8444709778	28350716	Africa/Maputo	MZ	28350716
