top	left	bottom	right	slug	name	iso	woeid
11.338341713	-61.9237709045	10.0361051559	-60.4895515442	28350786	America/Port_of_Spain	TT	28350786
