top	left	bottom	right	slug	name	iso	woeid
18.7572212219	-64.8318099976	18.3127365112	-64.2687683105	28350803	America/Tortola	VG	28350803
