top	left	bottom	right	slug	name	iso	woeid
42.6586952209	1.4221111536	42.4350814819	1.78038883209	28350887	Europe/Andorra	AD	28350887
