top	left	bottom	right	slug	name	iso	woeid
16.8173294067	-62.2425842285	16.6710071564	-62.1464195251	28350778	America/Montserrat	MS	28350778
