top	left	bottom	right	slug	name	iso	woeid
47.2735290527	9.47780513763	47.0558624268	9.63219451904	28350920	Europe/Vaduz	LI	28350920
