top	left	bottom	right	slug	name	iso	woeid
43.5864982605	40.0101394653	41.0531959534	46.7259712219	28350858	Asia/Tbilisi	GE	28350858
