top	left	bottom	right	slug	name	iso	woeid
19.7616996765	-81.4327774048	19.2630290985	-79.7272720337	28350745	America/Cayman	KY	28350745
