top	left	bottom	right	slug	name	iso	woeid
12.2019033432	-73.3540725708	0.626311123371	-59.8037796021	28350743	America/Caracas	VE	28350743
