top	left	bottom	right	slug	name	iso	woeid
-12.6338367462	45.0146179199	-13.0001316071	45.2929496765	28350934	Indian/Mayotte	YT	28350934
