top	left	bottom	right	slug	name	iso	woeid
11.007569313	14.4200973511	2.22051429749	27.4634208679	28350687	Africa/Bangui	CF	28350687
