top	left	bottom	right	slug	name	iso	woeid
41.0422515869	67.3871383667	36.6741371155	75.13722229	28350825	Asia/Dushanbe	TJ	28350825
