top	left	bottom	right	slug	name	iso	woeid
-37.7907218933	50.1702575684	-50.0202636719	77.5988082886	28350930	Indian/Kerguelen	TF	28350930
