top	left	bottom	right	slug	name	iso	woeid
28.3237781525	88.7597198486	26.7076396942	92.1251907349	28350860	Asia/Thimphu	BT	28350860
