top	left	bottom	right	slug	name	iso	woeid
43.7695274353	7.39575004578	43.7319717407	7.45227766037	28350908	Europe/Monaco	MC	28350908
