top	left	bottom	right	slug	name	iso	woeid
13.3778343201	-61.4592552185	12.5301704407	-61.1138801575	28350798	America/St_Vincent	VC	28350798
