top	left	bottom	right	slug	name	iso	woeid
-0.0129772480577	-81.3267440796	-18.3497276306	-68.677986145	28350769	America/Lima	PE	28350769
