top	left	bottom	right	slug	name	iso	woeid
13.8920068741	2.66843247414	4.27714395523	14.6800727844	28350709	Africa/Lagos	NG	28350709
