top	left	bottom	right	slug	name	iso	woeid
12.6807889938	-16.7175350189	10.8599700928	-13.6365222931	28350689	Africa/Bissau	GW	28350689
