top	left	bottom	right	slug	name	iso	woeid
-0.877888917923	140.84286499	-11.6578607559	159.47819519	28350963	Pacific/Port_Moresby	PG	28350963
