top	left	bottom	right	slug	name	iso	woeid
15.0825929642	-5.51891613007	9.40110778809	2.40539479256	28350725	Africa/Ouagadougou	BF	28350725
