top	left	bottom	right	slug	name	iso	woeid
37.5439147949	7.52483320236	30.2404174805	11.5982780457	28350729	Africa/Tunis	TN	28350729
