top	left	bottom	right	slug	name	iso	woeid
59.6879463196	21.7734451294	57.5161933899	28.2099723816	28350918	Europe/Tallinn	EE	28350918
