top	left	bottom	right	slug	name	iso	woeid
10.7366418839	-8.59930229187	4.35706710815	-2.49489665031	28350681	Africa/Abidjan	CI	28350681
