top	left	bottom	right	slug	name	iso	woeid
17.197177887	-25.3587474823	14.8022136688	-22.6694431305	28350871	Atlantic/Cape_Verde	CV	28350871
