top	left	bottom	right	slug	name	iso	woeid
34.6848564148	35.114276886	33.0545654297	36.6253623962	28350815	Asia/Beirut	LB	28350815
