top	left	bottom	right	slug	name	iso	woeid
42.6610832214	19.2756118774	39.6444816589	21.0572814941	28350919	Europe/Tirane	AL	28350919
