top	left	bottom	right	slug	name	iso	woeid
-20.8568553925	55.2190856934	-21.3722114563	55.8450393677	28350935	Indian/Reunion	RE	28350935
