top	left	bottom	right	slug	name	iso	woeid
19.0023288727	41.8160552979	12.1110830307	54.5305290222	28350806	Asia/Aden	YE	28350806
