top	left	bottom	right	slug	name	iso	woeid
12.4183473587	0.774575054646	6.22574806213	3.85170054436	28350726	Africa/Porto-Novo	BJ	28350726
