top	left	bottom	right	slug	name	iso	woeid
22.5003890991	100.093055725	13.910027504	107.697029114	28350863	Asia/Vientiane	LA	28350863
