top	left	bottom	right	slug	name	iso	woeid
33.1689987183	9.38702011108	19.5080451965	25.1506118774	28350728	Africa/Tripoli	LY	28350728
