top	left	bottom	right	slug	name	iso	woeid
23.1468887329	21.8389472961	8.69235801697	38.5800285339	28350706	Africa/Khartoum	SD	28350706
