top	left	bottom	right	slug	name	iso	woeid
-2.31012320518	28.9930610657	-4.4657125473	30.8477287292	28350692	Africa/Bujumbura	BI	28350692
