top	left	bottom	right	slug	name	iso	woeid
69.0625	10.9867219925	55.3371124268	24.1632785797	28350917	Europe/Stockholm	SE	28350917
