top	left	bottom	right	slug	name	iso	woeid
-19.103805542	158.197631836	-22.7146396637	172.061386108	28350958	Pacific/Noumea	NC	28350958
