top	left	bottom	right	slug	name	iso	woeid
-16.9598941803	11.7156295776	-28.9714298248	25.2567005157	28350730	Africa/Windhoek	NA	28350730
