top	left	bottom	right	slug	name	iso	woeid
33.2894744873	34.2659492493	29.4915370941	35.6699333191	28350832	Asia/Jerusalem	IL	28350832
