top	left	bottom	right	slug	name	iso	woeid
14.8937501907	32.9999389648	3.40242218971	47.9861793518	28350683	Africa/Addis_Ababa	ET	28350683
