top	left	bottom	right	slug	name	iso	woeid
18.6127872467	-63.4348716736	18.1668148041	-62.9320411682	28350733	America/Anguilla	AI	28350733
