top	left	bottom	right	slug	name	iso	woeid
15.0259094238	-87.6903076172	10.7075433731	-82.5920715332	28350771	America/Managua	NI	28350771
